productId,name,description,price,category,available,imageName
P001,Hammer,Basic steel hammer for home projects,14.99,Tools,true,hammer.jpeg
P002,Screwdriver Set,Set of different screwdriver sizes,19.99,Tools,true,screwdriver.jpeg
P003,Paint Brush,Brush for indoor and outdoor painting,6.49,Paint,true,paintbrush.jpeg
P004,Cordless Drill,Battery powered drill for home repairs,79.99,Power Tools,true,cordlessdrill.jpeg
P005,Ladder,Foldable ladder for reaching high areas,129.99,Hardware,false,ladder.jpeg
P006,Garden Hose,Outdoor hose for yard and garden use,24.99,Garden,true,gardenhose.jpeg
P007,Work Gloves,Gloves for yard work and repairs,12.99,Safety,true,workgloves.jpeg
P008,Toolbox,Storage box for tools and hardware,34.99,Storage,true,toolbox.jpeg
P009,Leaf Blower,Electric blower for cleaning leaves,59.99,Garden,true,leafblower.jpeg
